balance,age,day,campaign,default,housing,loan,months_since_previous_contact,n_previous_contacts,poutcome,education,job,had_contact,is_single,uknown_contact
-41.0,52,14,1,no,no,no,No contact,No contact,unknown,primary,blue-collar,False,False,False
165.0,27,31,3,no,no,no,No contact,No contact,unknown,secondary,admin.,False,False,False
1317.0,38,8,10,no,no,no,No contact,4,unknown,secondary,admin.,False,False,False
1059.0,48,16,2,no,no,no,No contact,2,unknown,secondary,admin.,False,False,False
13.0,45,12,2,no,no,no,0 - 5 months,No contact,unknown,secondary,management,True,False,True
25.0,34,23,2,no,yes,no,No contact,No contact,unknown,secondary,admin.,False,True,False
1969.0,35,7,3,no,yes,no,No contact,2,unknown,secondary,admin.,False,False,False
1044.0,32,27,3,no,no,no,No contact,No contact,unknown,tertiary,technician,False,False,False
328.0,60,11,2,no,yes,no,No contact,No contact,unknown,secondary,technician,False,False,False
7218.0,41,20,1,no,no,yes,No contact,No contact,failure,secondary,housemaid,False,False,True
457.0,33,6,1,no,no,yes,No contact,No contact,unknown,secondary,unemployed,False,True,True
245.0,35,26,2,no,no,no,No contact,1,unknown,tertiary,admin.,False,False,True
3825.0,46,25,1,no,no,no,0 - 5 months,No contact,unknown,primary,entrepreneur,True,False,True
0.0,44,11,1,no,yes,no,No contact,No contact,unknown,secondary,services,False,False,False
237.0,30,17,1,no,yes,no,No contact,No contact,unknown,tertiary,management,False,False,True
778.0,60,7,5,no,no,no,No contact,No contact,unknown,primary,blue-collar,False,False,False
0.0,32,7,3,yes,yes,no,No contact,No contact,unknown,secondary,housemaid,False,False,True
162.0,35,16,1,no,yes,no,No contact,No contact,unknown,tertiary,management,False,False,True
543.0,36,18,1,no,yes,no,0 - 5 months,1,unknown,secondary,student,True,False,True
0.0,44,13,3,no,no,no,No contact,No contact,failure,secondary,admin.,False,True,False
3283.0,46,12,1,no,yes,yes,No contact,No contact,unknown,secondary,blue-collar,False,False,False
13164.900000000001,37,12,5,no,no,no,Around a year,No contact,other,tertiary,management,True,True,False
8647.0,35,30,2,no,yes,no,No contact,No contact,unknown,secondary,blue-collar,False,True,True
949.0,40,28,2,no,yes,no,No contact,No contact,unknown,tertiary,management,False,False,False
247.0,55,18,1,no,no,no,No contact,No contact,failure,secondary,admin.,False,False,True
2550.0,31,20,3,no,yes,yes,No contact,No contact,other,secondary,technician,False,False,False
0.0,42,20,6,no,no,no,No contact,No contact,unknown,secondary,blue-collar,False,True,False
1980.0,35,21,3,no,no,no,No contact,No contact,unknown,secondary,admin.,False,True,False
33.0,37,8,1,no,yes,no,No contact,No contact,unknown,secondary,services,False,False,True
164.0,34,2,1,no,no,yes,No contact,No contact,success,secondary,admin.,False,True,True
114.0,46,13,2,no,no,no,Around a year,No contact,unknown,tertiary,management,True,False,True
136.0,36,18,2,no,yes,no,No contact,No contact,unknown,secondary,services,False,False,True
415.0,60,15,1,no,no,no,No contact,No contact,unknown,secondary,blue-collar,False,False,True
59.0,30,5,1,no,no,no,No contact,No contact,unknown,secondary,admin.,False,False,False
4391.0,30,21,13,no,yes,yes,No contact,No contact,unknown,secondary,blue-collar,False,False,True
808.0,53,14,15,no,no,no,No contact,1,unknown,secondary,admin.,False,False,False
2770.0,30,12,1,no,yes,no,No contact,No contact,unknown,primary,blue-collar,False,False,True
819.0,40,3,3,no,yes,no,No contact,No contact,failure,primary,blue-collar,False,False,False
605.0,30,15,21,no,yes,no,No contact,2,unknown,secondary,blue-collar,False,False,True
533.0,42,16,2,no,yes,no,No contact,No contact,unknown,secondary,retired,False,False,False
262.0,59,10,1,no,yes,no,No contact,No contact,unknown,tertiary,management,False,True,False
12926.0,37,5,2,no,no,yes,No contact,No contact,unknown,secondary,services,False,False,True
741.0,53,17,1,no,yes,yes,No contact,No contact,failure,secondary,admin.,False,False,True
123.0,44,21,1,no,yes,no,No contact,No contact,unknown,primary,blue-collar,False,False,False
446.0,37,11,2,no,yes,no,No contact,No contact,unknown,unknown,technician,False,True,False
456.0,47,11,4,no,yes,no,No contact,No contact,unknown,primary,blue-collar,False,False,False
-2082.0,30,9,1,no,yes,no,No contact,No contact,unknown,secondary,technician,False,False,False
3371.0,23,6,2,no,yes,no,No contact,No contact,other,secondary,blue-collar,False,False,False
-84.0,59,8,1,no,no,no,5 - 8 months,No contact,unknown,secondary,services,True,False,False
1.0,46,5,1,no,no,yes,No contact,No contact,unknown,tertiary,management,False,False,False
8112.0,28,13,2,no,yes,no,No contact,No contact,unknown,tertiary,management,False,False,False
123.0,32,18,1,no,no,no,No contact,No contact,unknown,secondary,management,False,False,False
62.0,27,13,3,no,yes,yes,Around a year,No contact,unknown,secondary,management,True,False,False
85.0,34,20,1,no,yes,no,Around a year,No contact,failure,secondary,blue-collar,True,True,False
1055.0,34,6,2,no,no,yes,No contact,No contact,unknown,secondary,blue-collar,False,False,False
-500.0,53,9,4,no,no,no,No contact,No contact,unknown,secondary,technician,False,True,False
2562.0,28,18,25,no,yes,no,No contact,5,unknown,secondary,technician,False,False,False
452.0,53,13,4,no,yes,no,Around a year,1,unknown,secondary,blue-collar,True,True,False
3444.0,50,16,1,no,yes,no,No contact,No contact,unknown,secondary,blue-collar,False,False,True
-162.0,33,8,1,no,no,no,Around a year,No contact,unknown,tertiary,management,True,True,False
1336.0,33,10,1,no,yes,no,5 - 8 months,1,unknown,tertiary,management,True,False,True
-85.0,50,18,2,no,yes,no,No contact,No contact,failure,tertiary,management,False,True,True
47.0,30,4,1,no,yes,no,No contact,No contact,unknown,primary,unemployed,False,False,False
276.0,47,2,3,no,no,no,No contact,No contact,unknown,secondary,blue-collar,False,False,False
1545.0,42,3,7,no,yes,no,No contact,No contact,unknown,tertiary,management,False,False,False
1734.0,59,2,5,no,no,no,No contact,No contact,unknown,secondary,services,False,False,False
578.0,39,3,2,no,yes,yes,No contact,No contact,unknown,secondary,technician,False,False,False
179.0,26,11,3,no,yes,no,No contact,No contact,unknown,secondary,management,False,False,False
196.0,47,28,3,no,yes,no,Around a year,No contact,unknown,secondary,entrepreneur,True,False,False
1806.0,59,21,9,no,no,yes,Around a year,No contact,unknown,tertiary,unemployed,True,False,False
593.0,35,21,4,no,yes,no,No contact,No contact,unknown,tertiary,admin.,False,False,True
139.0,57,9,1,no,no,no,No contact,No contact,failure,primary,services,False,False,False
401.0,34,9,2,no,yes,yes,No contact,No contact,failure,secondary,admin.,False,False,False
1454.0,34,23,2,no,no,no,No contact,No contact,unknown,unknown,technician,False,True,True
2204.0,47,8,1,no,no,no,No contact,No contact,unknown,secondary,services,False,False,True
35.0,33,22,2,no,yes,no,No contact,No contact,unknown,secondary,blue-collar,False,False,False
1373.0,50,13,1,no,yes,no,No contact,4,unknown,tertiary,technician,False,False,False
134.0,37,30,2,no,yes,no,No contact,No contact,unknown,tertiary,admin.,False,False,True
419.0,31,20,3,no,yes,yes,No contact,No contact,unknown,tertiary,management,False,True,True
4914.0,45,5,3,no,no,no,0 - 5 months,No contact,unknown,secondary,self-employed,True,False,False
-160.0,31,12,1,no,yes,no,No contact,No contact,failure,secondary,blue-collar,False,True,False
750.0,49,23,1,no,no,no,No contact,No contact,unknown,secondary,services,False,False,False
476.0,46,15,1,no,no,no,No contact,No contact,unknown,primary,admin.,False,True,True
-1621.0,35,21,4,no,yes,no,No contact,No contact,unknown,tertiary,housemaid,False,True,False
150.0,36,21,1,no,yes,no,No contact,No contact,unknown,tertiary,management,False,True,False
-288.0,47,8,3,no,yes,no,5 - 8 months,No contact,success,secondary,blue-collar,True,True,False
3075.0,36,13,1,no,no,no,No contact,No contact,unknown,secondary,housemaid,False,False,False
81.0,43,18,4,no,yes,no,No contact,2,unknown,tertiary,self-employed,False,False,True
0.0,48,27,2,no,yes,no,No contact,No contact,unknown,secondary,technician,False,False,True
0.0,34,19,1,no,yes,no,No contact,2,unknown,secondary,technician,False,False,False
0.0,59,9,2,no,yes,yes,No contact,1,unknown,secondary,blue-collar,False,False,False
790.0,40,13,7,no,no,no,No contact,No contact,unknown,secondary,entrepreneur,False,False,False
755.0,45,9,1,no,yes,no,No contact,No contact,failure,tertiary,management,False,False,False
5452.0,42,9,6,no,yes,no,No contact,No contact,unknown,primary,blue-collar,False,False,False
45.0,58,22,2,no,no,yes,Around a year,No contact,unknown,primary,blue-collar,True,True,False
43.0,38,20,4,no,yes,yes,No contact,No contact,unknown,secondary,admin.,False,False,True
372.0,28,13,5,no,yes,no,No contact,No contact,unknown,primary,blue-collar,False,False,False
1320.0,42,17,2,no,yes,no,No contact,3,unknown,tertiary,technician,False,False,False
6150.0,41,21,1,no,no,no,Around a year,4,unknown,tertiary,management,True,True,False
438.0,37,28,8,yes,no,no,No contact,No contact,unknown,primary,blue-collar,False,True,False
-32.0,30,12,1,no,no,no,No contact,No contact,unknown,secondary,admin.,False,False,False
86.0,30,13,6,no,no,no,No contact,No contact,unknown,secondary,blue-collar,False,True,False
0.0,41,28,1,no,no,no,0 - 5 months,3,unknown,tertiary,technician,True,False,False
-468.0,37,13,1,no,yes,no,5 - 8 months,No contact,unknown,primary,blue-collar,True,False,True
6174.0,50,18,1,no,no,no,No contact,No contact,unknown,secondary,blue-collar,False,False,True
641.0,33,29,5,no,yes,no,No contact,No contact,unknown,tertiary,admin.,False,True,False
348.0,59,28,1,no,yes,no,No contact,No contact,unknown,unknown,management,False,False,False
-728.0,32,28,1,no,yes,no,No contact,No contact,unknown,tertiary,admin.,False,False,True
2198.0,38,31,1,no,no,no,No contact,No contact,unknown,unknown,technician,False,True,False
524.0,34,20,7,no,yes,no,No contact,4,unknown,secondary,technician,False,False,False
2745.0,40,15,2,no,no,no,No contact,No contact,unknown,secondary,technician,False,True,False
-741.0,38,30,8,no,yes,no,No contact,No contact,failure,secondary,blue-collar,False,False,True
-114.0,34,28,1,no,yes,no,No contact,3,unknown,tertiary,technician,False,False,False
74.0,41,14,2,no,yes,no,Around a year,No contact,unknown,secondary,retired,True,False,False
312.0,59,20,8,no,no,no,No contact,No contact,unknown,primary,blue-collar,False,True,False
32.0,41,19,1,no,no,no,No contact,No contact,unknown,secondary,services,False,False,False
1445.0,35,15,1,no,yes,yes,No contact,1,unknown,tertiary,admin.,False,False,True
-933.0,47,19,3,no,yes,yes,No contact,No contact,unknown,secondary,admin.,False,False,False
13164.900000000001,43,26,4,no,yes,no,No contact,No contact,unknown,primary,management,False,False,False
5605.0,22,11,5,no,no,no,No contact,4,unknown,tertiary,management,False,False,False
1574.0,33,8,1,no,no,no,No contact,No contact,unknown,unknown,retired,False,False,False
176.0,26,14,1,no,no,no,0 - 5 months,No contact,unknown,tertiary,management,True,False,False
571.0,20,4,5,no,no,no,No contact,No contact,unknown,secondary,technician,False,False,True
139.0,45,11,4,no,yes,no,No contact,No contact,other,tertiary,technician,False,False,False
190.0,30,23,3,no,no,no,No contact,No contact,unknown,secondary,technician,False,True,False
495.0,52,2,2,no,yes,no,No contact,No contact,unknown,tertiary,management,False,False,True
23.0,46,20,2,no,no,no,No contact,No contact,unknown,secondary,blue-collar,False,True,True
66.0,50,8,2,no,no,no,No contact,No contact,unknown,tertiary,management,False,False,False
354.0,36,21,13,no,yes,no,No contact,4,unknown,tertiary,admin.,False,False,True
605.0,70,17,2,no,yes,no,No contact,No contact,unknown,secondary,admin.,False,False,False
1285.0,31,6,3,no,yes,yes,No contact,No contact,unknown,tertiary,management,False,False,False
286.0,39,16,1,no,no,no,No contact,No contact,unknown,secondary,retired,False,True,False
132.0,38,3,4,no,yes,no,No contact,No contact,unknown,secondary,unemployed,False,True,False
148.0,49,1,5,yes,yes,no,No contact,No contact,unknown,secondary,blue-collar,False,False,True
561.0,41,7,4,no,no,no,No contact,No contact,unknown,secondary,blue-collar,False,False,False
149.0,40,15,2,no,yes,no,No contact,No contact,unknown,secondary,admin.,False,False,True
454.0,46,28,3,no,no,no,No contact,No contact,unknown,unknown,unemployed,False,False,False
-100.0,36,3,1,no,yes,no,No contact,No contact,unknown,tertiary,self-employed,False,False,False
8118.0,46,12,1,no,yes,no,No contact,No contact,unknown,secondary,technician,False,True,True
1142.0,52,8,2,no,yes,no,No contact,No contact,unknown,unknown,technician,False,False,False
75.0,33,8,3,no,yes,no,No contact,No contact,failure,secondary,retired,False,True,False
536.0,31,9,1,no,no,no,No contact,No contact,unknown,tertiary,management,False,True,True
404.0,59,2,1,no,yes,no,Around a year,No contact,unknown,secondary,blue-collar,True,True,False
96.0,30,6,2,no,yes,no,No contact,4,unknown,unknown,retired,False,False,False
1416.0,40,19,2,no,no,no,No contact,No contact,unknown,tertiary,management,False,False,False
1.0,32,8,2,no,yes,no,No contact,No contact,unknown,secondary,housemaid,False,False,False
351.0,60,6,2,no,no,no,No contact,2,unknown,tertiary,technician,False,False,True
238.0,37,4,2,no,no,no,No contact,No contact,unknown,tertiary,unemployed,False,False,False
55.0,55,20,2,no,yes,no,No contact,No contact,unknown,primary,retired,False,False,False
218.0,32,18,7,no,yes,no,No contact,No contact,unknown,tertiary,self-employed,False,False,False
841.0,39,18,2,no,yes,no,0 - 5 months,No contact,unknown,tertiary,management,True,False,True
570.0,37,7,3,no,no,no,No contact,No contact,unknown,unknown,blue-collar,False,False,True
2066.0,47,28,2,yes,yes,yes,No contact,No contact,failure,primary,blue-collar,False,False,False
8313.0,59,27,6,no,yes,no,No contact,1,unknown,tertiary,management,False,False,True
561.0,30,20,1,no,yes,no,No contact,No contact,unknown,primary,management,False,False,False
715.0,24,22,1,no,no,no,0 - 5 months,1,unknown,secondary,admin.,True,False,True
-141.0,53,12,2,no,yes,no,No contact,No contact,unknown,secondary,technician,False,True,True
1167.0,34,11,6,no,no,no,No contact,No contact,unknown,primary,blue-collar,False,True,False
-115.0,57,11,1,no,yes,no,No contact,No contact,unknown,secondary,blue-collar,False,False,False
8982.0,43,19,2,no,yes,no,No contact,No contact,unknown,primary,housemaid,False,False,True
0.0,31,10,1,no,yes,no,No contact,4,unknown,tertiary,management,False,False,False
327.0,46,27,3,no,no,yes,Around a year,No contact,unknown,primary,blue-collar,True,False,False
848.0,49,3,1,no,no,no,No contact,No contact,unknown,tertiary,management,False,False,False
501.0,34,27,2,no,yes,yes,No contact,No contact,unknown,tertiary,self-employed,False,True,False
307.0,34,22,6,no,no,yes,No contact,No contact,unknown,secondary,blue-collar,False,True,True
414.0,54,8,2,no,no,no,No contact,No contact,unknown,tertiary,management,False,False,False
682.0,33,14,2,no,yes,no,No contact,No contact,unknown,secondary,services,False,False,False
1037.0,54,18,1,no,yes,no,No contact,No contact,unknown,primary,admin.,False,True,False
707.0,35,4,4,no,no,no,No contact,No contact,unknown,secondary,unemployed,False,False,False
2239.0,41,2,1,no,yes,no,No contact,No contact,unknown,primary,blue-collar,False,True,False
1670.0,48,13,1,no,no,no,No contact,No contact,unknown,secondary,unemployed,False,False,True
-157.0,39,19,2,no,no,no,No contact,No contact,unknown,secondary,self-employed,False,True,True
265.0,26,15,1,no,no,no,No contact,1,failure,secondary,technician,False,False,True
3275.0,59,20,3,no,no,yes,0 - 5 months,No contact,unknown,primary,blue-collar,True,False,False
6100.0,53,8,1,no,yes,no,No contact,No contact,unknown,secondary,management,False,False,False
1995.0,31,8,1,no,no,yes,No contact,No contact,unknown,secondary,admin.,False,True,False
1304.0,55,29,2,no,yes,no,No contact,No contact,unknown,primary,blue-collar,False,False,False
106.0,36,29,2,no,no,no,No contact,No contact,unknown,primary,entrepreneur,False,True,True
370.0,44,4,2,no,yes,no,No contact,No contact,unknown,primary,blue-collar,False,True,True
1932.0,38,5,1,no,yes,no,No contact,4,unknown,secondary,services,False,False,False
1852.0,52,12,2,no,yes,no,Around a year,No contact,failure,secondary,admin.,True,False,False
1550.0,62,17,1,no,yes,no,No contact,No contact,unknown,secondary,blue-collar,False,True,True
1759.0,38,12,1,no,no,no,No contact,No contact,success,secondary,technician,False,False,False
70.0,59,14,1,no,yes,no,No contact,No contact,unknown,secondary,entrepreneur,False,True,False
2960.0,46,29,4,no,yes,no,No contact,2,unknown,primary,entrepreneur,False,True,False
3.0,31,8,1,no,yes,no,No contact,No contact,unknown,secondary,services,False,False,False
2228.0,52,28,5,no,no,yes,No contact,No contact,unknown,secondary,technician,False,False,False
946.0,37,13,1,no,yes,yes,No contact,No contact,unknown,tertiary,management,False,False,False
222.0,60,7,2,no,yes,no,No contact,No contact,failure,primary,housemaid,False,False,False
129.0,59,7,1,no,yes,no,No contact,No contact,unknown,primary,unemployed,False,True,True
780.0,43,12,3,no,no,no,No contact,3,unknown,tertiary,retired,False,False,False
-168.0,39,20,1,no,no,no,8 - 11 months,No contact,unknown,secondary,management,True,False,False
0.0,36,30,5,no,no,yes,No contact,No contact,failure,primary,housemaid,False,True,True
783.0,31,28,2,no,no,no,No contact,No contact,unknown,secondary,student,False,False,True
173.0,33,29,1,no,yes,no,Around a year,1,unknown,secondary,services,True,True,False
801.0,31,3,2,no,yes,no,No contact,No contact,unknown,secondary,admin.,False,False,False
61.0,37,19,2,no,yes,no,No contact,No contact,unknown,secondary,blue-collar,False,True,True
145.0,35,5,1,no,yes,no,No contact,No contact,unknown,secondary,technician,False,False,False
2039.0,42,23,3,no,yes,no,No contact,No contact,unknown,tertiary,management,False,True,False
1482.0,51,9,1,no,no,yes,No contact,No contact,unknown,tertiary,retired,False,False,True
550.0,33,20,6,no,yes,no,Around a year,No contact,unknown,tertiary,management,True,True,True
3665.0,41,15,2,no,no,no,No contact,No contact,unknown,tertiary,management,False,True,False
64.0,39,6,2,no,yes,yes,0 - 5 months,No contact,unknown,secondary,admin.,True,False,False
503.0,40,20,28,no,yes,no,8 - 11 months,No contact,failure,secondary,blue-collar,True,False,False
2401.0,28,2,2,no,no,no,5 - 8 months,No contact,failure,secondary,technician,True,False,False
1598.0,36,21,2,no,no,yes,No contact,No contact,failure,tertiary,technician,False,True,False
22.0,30,9,3,no,yes,no,No contact,2,unknown,secondary,services,False,False,False
900.0,54,7,1,no,no,no,8 - 11 months,No contact,unknown,tertiary,management,True,False,False
241.0,32,9,2,no,no,no,No contact,No contact,unknown,secondary,services,False,True,False
11972.0,50,11,1,no,yes,yes,5 - 8 months,No contact,failure,secondary,services,True,False,False
3.0,34,24,1,no,yes,no,No contact,No contact,unknown,secondary,self-employed,False,False,False
-43.0,38,10,2,no,yes,no,No contact,No contact,failure,tertiary,entrepreneur,False,False,True
8.0,31,21,2,no,yes,no,No contact,No contact,unknown,secondary,services,False,False,False
43.0,61,25,2,no,no,no,5 - 8 months,No contact,unknown,secondary,technician,True,False,False
263.0,56,2,1,no,yes,no,No contact,No contact,unknown,secondary,unemployed,False,False,True
1770.0,47,19,1,no,yes,yes,No contact,No contact,other,primary,admin.,False,False,False
-563.0,47,9,3,no,no,no,No contact,No contact,failure,primary,management,False,False,True
301.0,43,3,3,no,yes,yes,No contact,No contact,failure,primary,blue-collar,False,True,False
2173.0,40,21,1,no,yes,no,No contact,No contact,unknown,primary,blue-collar,False,False,False
2918.0,41,20,1,no,no,no,No contact,More than 6,unknown,secondary,admin.,False,True,False
878.0,49,8,6,no,no,no,No contact,No contact,unknown,secondary,blue-collar,False,False,True
160.0,43,8,4,no,yes,no,No contact,No contact,unknown,secondary,blue-collar,False,False,True
0.0,31,29,2,yes,yes,no,5 - 8 months,1,unknown,primary,blue-collar,True,False,False
-79.0,33,2,1,no,yes,no,No contact,No contact,failure,primary,management,False,False,False
2266.0,29,11,3,no,yes,no,Around a year,No contact,unknown,tertiary,management,True,False,False
78.0,38,12,1,no,yes,no,No contact,No contact,unknown,secondary,services,False,False,False
1383.0,36,8,1,no,no,no,No contact,No contact,unknown,secondary,technician,False,True,False
462.0,53,15,1,no,yes,no,No contact,3,unknown,primary,blue-collar,False,True,True
0.0,33,6,1,no,yes,no,Around a year,No contact,unknown,primary,blue-collar,True,False,False
3552.0,48,14,2,no,yes,no,Around a year,No contact,failure,secondary,services,True,True,False
506.0,60,19,1,no,yes,no,No contact,1,failure,secondary,blue-collar,False,False,False
722.0,57,20,8,no,yes,no,Around a year,No contact,unknown,secondary,blue-collar,True,False,True
-403.0,43,8,2,no,yes,no,No contact,No contact,unknown,primary,blue-collar,False,True,False
470.0,32,21,2,no,no,no,No contact,No contact,unknown,tertiary,entrepreneur,False,False,False
172.0,31,28,1,no,yes,no,No contact,No contact,failure,secondary,technician,False,False,False
4736.0,37,19,4,no,yes,no,No contact,No contact,unknown,tertiary,management,False,True,True
2139.0,23,18,2,no,no,yes,5 - 8 months,No contact,unknown,tertiary,management,True,False,False
2959.0,54,17,5,no,no,no,No contact,No contact,unknown,secondary,admin.,False,True,False
935.0,44,1,3,no,no,no,No contact,2,unknown,primary,housemaid,False,True,False
1403.0,48,30,1,no,no,no,No contact,1,unknown,primary,blue-collar,False,False,True
0.0,35,26,2,no,yes,no,Around a year,No contact,unknown,primary,management,True,True,False
28.0,44,13,1,no,no,yes,No contact,No contact,unknown,secondary,blue-collar,False,False,False
260.0,46,21,4,yes,yes,yes,0 - 5 months,No contact,failure,secondary,blue-collar,True,False,False
2054.0,55,2,3,no,no,no,No contact,No contact,unknown,tertiary,management,False,False,False
1547.0,45,29,3,no,no,no,No contact,No contact,unknown,secondary,admin.,False,False,False
95.0,31,20,2,no,yes,no,No contact,No contact,unknown,secondary,entrepreneur,False,False,True
3156.0,50,7,2,no,no,no,No contact,No contact,unknown,secondary,blue-collar,False,False,False
-398.0,32,4,2,no,no,no,No contact,No contact,unknown,primary,services,False,True,False
2017.0,52,9,1,no,yes,no,8 - 11 months,No contact,unknown,tertiary,entrepreneur,True,False,False
154.0,39,13,2,no,yes,no,No contact,1,unknown,secondary,services,False,True,False
751.0,31,21,2,no,yes,no,No contact,No contact,unknown,primary,blue-collar,False,False,True
781.0,33,20,7,no,no,no,No contact,No contact,unknown,secondary,blue-collar,False,False,False
895.0,54,20,4,no,yes,no,No contact,No contact,unknown,secondary,blue-collar,False,False,False
104.0,24,18,16,no,no,no,No contact,No contact,unknown,tertiary,technician,False,True,False
1238.0,49,6,1,no,no,no,No contact,No contact,unknown,secondary,blue-collar,False,False,True
1253.0,34,17,2,no,no,no,No contact,No contact,unknown,secondary,admin.,False,False,False
819.0,49,30,2,no,no,yes,No contact,3,unknown,secondary,blue-collar,False,False,True
2418.0,46,8,4,no,yes,no,No contact,4,unknown,secondary,admin.,False,False,False
2666.0,43,6,2,no,no,no,No contact,No contact,failure,secondary,admin.,False,False,True
3329.0,28,17,2,no,no,no,No contact,No contact,unknown,tertiary,management,False,False,True
244.0,28,6,2,no,no,yes,No contact,More than 6,unknown,primary,blue-collar,False,False,False
49.0,48,14,3,no,yes,no,No contact,No contact,unknown,secondary,admin.,False,False,True
5610.0,57,30,1,no,no,yes,No contact,No contact,unknown,secondary,services,False,True,False
5450.0,30,5,6,no,no,no,5 - 8 months,No contact,failure,tertiary,management,True,True,False
195.0,32,5,1,no,no,no,No contact,No contact,unknown,tertiary,management,False,True,False
31.0,43,30,11,no,no,no,5 - 8 months,No contact,unknown,unknown,blue-collar,True,True,False
190.0,42,8,2,no,no,no,No contact,No contact,failure,secondary,services,False,True,False
52.0,45,17,2,no,yes,yes,No contact,No contact,unknown,secondary,blue-collar,False,False,False
897.0,54,29,3,no,yes,no,No contact,No contact,unknown,primary,blue-collar,False,True,True
206.0,54,30,1,no,no,no,No contact,5,unknown,primary,blue-collar,False,True,False
0.0,44,12,2,no,yes,no,No contact,No contact,unknown,tertiary,management,False,False,True
620.0,31,18,2,no,yes,no,No contact,No contact,unknown,primary,blue-collar,False,False,True
900.0,44,6,3,no,yes,no,No contact,No contact,unknown,secondary,services,False,False,False
271.0,47,8,1,no,yes,no,No contact,No contact,unknown,secondary,technician,False,False,False
24.0,42,12,2,no,yes,yes,No contact,No contact,unknown,unknown,self-employed,False,False,False
417.0,35,27,5,no,no,no,No contact,No contact,unknown,secondary,blue-collar,False,True,False
323.0,60,26,4,no,no,no,No contact,No contact,other,primary,blue-collar,False,False,False
-565.0,57,20,2,no,yes,no,No contact,No contact,unknown,secondary,blue-collar,False,False,False
373.0,32,19,1,no,yes,yes,No contact,No contact,unknown,primary,blue-collar,False,True,False
381.0,34,28,2,no,yes,no,No contact,No contact,unknown,secondary,blue-collar,False,False,False
183.0,35,8,1,no,no,yes,No contact,No contact,success,primary,retired,False,False,False
6809.0,40,19,6,no,no,no,No contact,No contact,failure,secondary,blue-collar,False,False,False
198.0,49,11,1,no,yes,no,0 - 5 months,No contact,unknown,tertiary,management,True,False,False
1059.0,59,29,2,no,yes,no,No contact,No contact,unknown,secondary,services,False,False,False
3810.0,49,12,7,no,no,no,No contact,No contact,unknown,secondary,services,False,True,False
3144.0,37,8,4,no,no,no,No contact,No contact,unknown,secondary,admin.,False,False,False
1327.0,32,18,1,no,yes,yes,No contact,No contact,unknown,tertiary,technician,False,False,False
1732.0,37,5,3,no,no,no,No contact,No contact,unknown,tertiary,management,False,False,False
1508.0,45,26,4,no,yes,no,No contact,No contact,unknown,tertiary,retired,False,False,False
883.0,38,23,6,no,yes,no,No contact,No contact,unknown,secondary,technician,False,True,False
471.0,58,18,2,no,no,no,No contact,No contact,unknown,secondary,services,False,False,False
2857.0,30,9,1,no,no,no,No contact,No contact,unknown,secondary,services,False,True,False
2040.0,47,13,4,no,yes,no,No contact,No contact,unknown,secondary,admin.,False,False,False
0.0,52,2,2,no,yes,no,Around a year,No contact,unknown,secondary,blue-collar,True,False,False
0.0,57,23,2,no,no,no,No contact,No contact,unknown,primary,entrepreneur,False,False,False
1042.0,36,21,4,no,yes,no,No contact,No contact,other,tertiary,management,False,True,True
1413.0,38,20,4,no,yes,no,No contact,2,failure,secondary,technician,False,False,True
0.0,29,18,6,no,yes,no,No contact,More than 6,unknown,tertiary,management,False,False,False
1293.0,49,28,2,no,no,yes,No contact,No contact,unknown,secondary,blue-collar,False,False,True
3237.0,34,14,2,no,yes,no,No contact,No contact,unknown,tertiary,management,False,True,True
1116.0,52,3,1,no,yes,yes,No contact,No contact,unknown,secondary,blue-collar,False,False,False
531.0,39,21,2,no,yes,no,No contact,No contact,unknown,primary,blue-collar,False,False,False
2142.0,58,31,2,no,no,no,No contact,3,unknown,secondary,services,False,False,False
2127.0,30,20,3,no,yes,no,No contact,No contact,unknown,secondary,services,False,False,False
5000.0,55,21,1,no,no,no,No contact,1,unknown,primary,retired,False,False,False
408.0,32,7,4,no,yes,no,No contact,No contact,unknown,secondary,technician,False,True,False
612.0,33,2,2,no,yes,no,No contact,No contact,unknown,tertiary,student,False,False,False
162.0,52,24,2,no,no,no,No contact,No contact,unknown,secondary,admin.,False,False,False
901.0,27,13,1,no,yes,no,No contact,No contact,unknown,secondary,student,False,True,True
255.0,33,4,3,no,yes,no,No contact,No contact,unknown,primary,blue-collar,False,False,False
-219.0,27,22,1,no,yes,yes,Around a year,No contact,unknown,tertiary,management,True,False,False
2362.0,41,19,2,no,yes,no,No contact,No contact,unknown,primary,housemaid,False,False,False
5090.0,35,18,1,no,yes,no,No contact,No contact,unknown,secondary,blue-collar,False,False,False
4782.0,56,17,1,no,no,no,No contact,No contact,unknown,secondary,admin.,False,False,False
6352.0,30,2,2,no,no,yes,No contact,No contact,unknown,tertiary,management,False,False,False
106.0,25,30,1,no,no,no,No contact,No contact,failure,tertiary,admin.,False,False,False
1171.0,48,13,1,no,yes,no,No contact,No contact,unknown,secondary,technician,False,False,True
751.0,53,2,7,no,no,no,No contact,No contact,unknown,tertiary,admin.,False,False,False
26.0,52,4,2,no,yes,no,Around a year,2,unknown,unknown,blue-collar,True,True,True
0.0,39,28,5,no,no,no,No contact,No contact,unknown,secondary,blue-collar,False,False,False
238.0,39,11,3,no,no,no,5 - 8 months,No contact,unknown,tertiary,management,True,False,False
163.0,36,19,1,no,yes,no,No contact,6,success,tertiary,technician,False,False,False
671.0,30,6,2,no,yes,yes,No contact,No contact,failure,secondary,admin.,False,False,False
160.0,54,13,2,no,yes,yes,No contact,No contact,unknown,primary,blue-collar,False,False,True
1617.0,35,29,1,no,yes,no,5 - 8 months,No contact,unknown,secondary,services,True,True,False
774.0,36,6,1,no,no,no,No contact,No contact,other,secondary,technician,False,True,False
13164.900000000001,30,19,1,no,no,no,No contact,No contact,unknown,secondary,services,False,False,False
243.0,48,23,2,no,yes,no,No contact,No contact,unknown,secondary,technician,False,False,False
145.0,31,6,5,no,yes,no,No contact,No contact,unknown,secondary,admin.,False,False,False
538.0,30,7,1,no,yes,yes,No contact,No contact,unknown,secondary,blue-collar,False,False,True
332.0,45,9,1,no,no,no,No contact,No contact,unknown,secondary,blue-collar,False,False,False
-110.0,50,9,1,no,no,no,No contact,3,failure,secondary,technician,False,True,False
223.0,30,23,2,no,yes,no,No contact,3,unknown,secondary,admin.,False,True,False
6.0,42,4,2,no,yes,no,No contact,No contact,unknown,secondary,admin.,False,False,False
1190.0,39,14,1,no,no,no,0 - 5 months,No contact,failure,tertiary,management,True,True,False
-13.0,40,7,1,no,no,no,No contact,No contact,unknown,primary,blue-collar,False,False,False
1938.0,25,12,3,no,no,no,No contact,No contact,unknown,secondary,blue-collar,False,False,False
6383.0,53,28,1,no,no,yes,0 - 5 months,No contact,unknown,tertiary,technician,True,True,False
52.0,36,4,2,no,yes,no,No contact,No contact,unknown,tertiary,management,False,False,False
77.0,26,13,1,no,no,no,0 - 5 months,No contact,unknown,tertiary,management,True,True,False
1349.0,34,29,7,no,no,yes,No contact,2,unknown,secondary,student,False,False,False
62.0,47,28,4,no,no,no,Around a year,No contact,unknown,secondary,blue-collar,True,False,True
1276.0,40,18,1,no,no,no,No contact,No contact,unknown,tertiary,management,False,True,False
-679.0,32,30,17,no,yes,no,No contact,No contact,unknown,secondary,blue-collar,False,False,True
1246.0,46,21,2,no,no,no,5 - 8 months,2,unknown,secondary,blue-collar,True,False,False
1769.0,33,30,1,no,no,no,No contact,No contact,unknown,tertiary,management,False,False,True
1270.0,45,10,11,no,yes,no,Around a year,No contact,unknown,secondary,blue-collar,True,True,False
12223.0,44,6,2,no,no,no,No contact,No contact,unknown,secondary,admin.,False,True,False
575.0,49,17,16,no,yes,no,No contact,No contact,unknown,unknown,management,False,False,True
0.0,23,3,1,yes,no,no,No contact,1,unknown,primary,services,False,False,False
2904.0,56,6,13,no,yes,no,No contact,No contact,unknown,primary,retired,False,True,True
-834.0,39,13,2,no,no,no,No contact,1,unknown,secondary,technician,False,False,True
-49.0,46,3,4,no,yes,yes,No contact,No contact,unknown,primary,retired,False,True,True
1012.0,40,9,1,no,yes,no,No contact,No contact,unknown,secondary,blue-collar,False,False,False
160.0,33,28,5,no,yes,no,No contact,No contact,unknown,secondary,technician,False,False,True
3874.0,26,4,2,no,yes,no,No contact,1,unknown,secondary,admin.,False,True,False
6551.0,43,10,3,no,yes,no,No contact,No contact,other,secondary,services,False,False,False
2981.0,61,16,1,no,no,no,No contact,No contact,unknown,secondary,services,False,True,False
1966.0,52,6,4,no,yes,yes,No contact,5,unknown,secondary,admin.,False,False,False
0.0,26,3,2,no,yes,no,No contact,No contact,unknown,unknown,technician,False,True,False
-139.0,48,13,3,no,yes,no,No contact,No contact,unknown,secondary,technician,False,False,True
131.0,43,23,1,no,yes,no,No contact,No contact,unknown,secondary,blue-collar,False,False,False
2058.0,36,3,5,no,yes,no,0 - 5 months,No contact,unknown,secondary,technician,True,False,False
1228.0,32,3,2,no,yes,no,No contact,No contact,unknown,secondary,admin.,False,False,False
741.0,45,7,2,no,yes,no,No contact,No contact,unknown,secondary,services,False,False,False
410.0,45,17,2,no,yes,no,No contact,No contact,failure,secondary,management,False,True,False
712.0,35,8,2,no,yes,yes,No contact,More than 6,unknown,primary,blue-collar,False,True,False
966.0,35,30,1,no,no,no,No contact,No contact,unknown,secondary,technician,False,False,False
414.0,48,16,1,no,no,no,No contact,No contact,unknown,tertiary,technician,False,False,False
681.0,53,13,1,no,no,no,No contact,No contact,unknown,primary,retired,False,False,True
36.0,60,1,1,no,yes,no,No contact,No contact,unknown,secondary,blue-collar,False,True,False
215.0,39,17,2,no,yes,yes,No contact,No contact,unknown,secondary,technician,False,False,False
3382.0,56,15,1,no,no,yes,No contact,No contact,unknown,secondary,admin.,False,True,False
11269.0,32,4,1,no,yes,no,No contact,No contact,unknown,tertiary,technician,False,False,True
-757.0,26,17,4,no,yes,no,No contact,No contact,unknown,primary,blue-collar,False,True,True
47.0,33,17,1,no,yes,no,No contact,No contact,unknown,secondary,admin.,False,False,False
1288.0,52,11,7,no,yes,no,No contact,3,failure,tertiary,management,False,False,False
25.0,52,12,1,no,yes,no,No contact,No contact,unknown,primary,blue-collar,False,False,False
1.0,32,30,3,no,yes,no,No contact,No contact,other,secondary,blue-collar,False,True,False
1308.0,37,18,2,no,yes,no,No contact,No contact,other,tertiary,management,False,False,False
3640.0,37,16,1,no,yes,no,No contact,No contact,unknown,tertiary,entrepreneur,False,False,True
6610.0,41,6,3,no,yes,no,No contact,No contact,unknown,secondary,admin.,False,False,False
1.0,38,17,2,no,yes,yes,Around a year,6,unknown,secondary,admin.,True,True,True
2428.0,32,30,2,no,no,no,No contact,No contact,unknown,secondary,housemaid,False,False,False
5.0,45,18,1,no,no,no,No contact,No contact,unknown,tertiary,entrepreneur,False,False,False
4.0,56,17,2,no,yes,no,0 - 5 months,No contact,unknown,secondary,services,True,False,False
7708.0,52,7,1,no,yes,no,No contact,No contact,unknown,unknown,blue-collar,False,False,False
67.0,36,20,2,no,no,no,No contact,No contact,unknown,tertiary,technician,False,True,False
9072.0,32,17,1,no,no,no,No contact,No contact,failure,secondary,technician,False,False,False
382.0,56,29,2,no,no,no,No contact,No contact,unknown,secondary,blue-collar,False,False,False
0.0,33,5,1,no,yes,no,8 - 11 months,No contact,unknown,secondary,technician,True,True,False
-93.0,35,9,2,no,no,no,No contact,No contact,unknown,secondary,technician,False,False,False
-97.0,27,9,1,no,no,no,No contact,2,unknown,secondary,unemployed,False,False,False
653.0,35,20,1,no,no,no,No contact,No contact,other,tertiary,management,False,True,True
2799.0,50,15,5,no,yes,no,No contact,More than 6,failure,secondary,admin.,False,False,False
1750.0,26,14,9,no,no,yes,No contact,No contact,unknown,secondary,services,False,True,False
99.0,28,7,11,no,no,no,No contact,No contact,unknown,tertiary,management,False,False,False
233.0,32,13,2,yes,yes,no,No contact,No contact,unknown,secondary,services,False,False,False
3107.0,43,4,2,no,no,no,No contact,No contact,unknown,secondary,blue-collar,False,True,False
1120.0,51,5,2,no,yes,no,No contact,No contact,unknown,unknown,technician,False,False,False
1710.0,49,15,4,no,no,no,No contact,No contact,unknown,tertiary,technician,False,True,True
449.0,38,17,1,no,yes,no,No contact,No contact,unknown,tertiary,management,False,False,False
-208.0,30,16,3,no,no,yes,No contact,No contact,other,secondary,admin.,False,True,False
241.0,49,22,3,no,yes,no,No contact,No contact,unknown,primary,blue-collar,False,True,False
986.0,30,15,1,no,no,yes,No contact,No contact,unknown,primary,retired,False,False,False
2870.0,31,16,1,no,yes,no,No contact,No contact,unknown,tertiary,management,False,False,False
380.0,29,11,1,no,no,no,No contact,No contact,unknown,secondary,services,False,False,False
-80.0,33,30,16,no,yes,no,No contact,4,unknown,secondary,blue-collar,False,True,True
124.0,56,19,1,no,yes,no,No contact,No contact,success,tertiary,management,False,False,False
114.0,46,3,2,no,no,no,No contact,No contact,unknown,secondary,blue-collar,False,False,True
0.0,29,28,4,no,no,no,No contact,1,unknown,secondary,management,False,False,False
110.0,33,21,2,no,yes,no,No contact,No contact,unknown,primary,retired,False,False,False
551.0,51,11,19,no,no,no,No contact,No contact,unknown,secondary,unemployed,False,False,True
1000.0,37,21,2,no,no,no,No contact,No contact,unknown,tertiary,technician,False,True,False
-32.0,36,2,4,no,yes,no,No contact,No contact,unknown,secondary,technician,False,True,True
1055.0,49,29,2,no,no,no,0 - 5 months,4,failure,unknown,entrepreneur,True,False,True
640.0,32,6,3,no,yes,no,Around a year,No contact,unknown,tertiary,management,True,False,False
0.0,45,19,2,no,no,no,No contact,No contact,failure,primary,housemaid,False,False,False
1063.0,54,31,1,no,yes,no,No contact,No contact,unknown,tertiary,technician,False,False,False
1327.0,60,5,1,no,no,no,No contact,No contact,unknown,secondary,admin.,False,True,True
783.0,45,20,2,no,yes,no,No contact,3,failure,primary,blue-collar,False,True,False
6332.0,46,30,3,no,no,no,No contact,2,unknown,secondary,admin.,False,False,True
608.0,43,4,2,no,yes,no,No contact,No contact,unknown,secondary,services,False,False,True
3369.0,33,18,5,no,no,no,Around a year,No contact,unknown,tertiary,management,True,False,False
0.0,33,20,1,no,no,no,Around a year,No contact,unknown,secondary,blue-collar,True,False,False
782.0,53,17,1,no,yes,yes,No contact,3,unknown,unknown,admin.,False,False,False
284.0,35,30,3,no,no,no,No contact,No contact,unknown,secondary,blue-collar,False,False,True
3773.0,55,30,1,no,no,no,0 - 5 months,No contact,unknown,tertiary,technician,True,False,True
58.0,43,29,7,no,yes,no,No contact,No contact,unknown,tertiary,management,False,False,True
-126.0,38,20,1,no,no,no,No contact,No contact,unknown,secondary,services,False,False,False
1088.0,46,11,2,no,yes,no,No contact,No contact,unknown,tertiary,management,False,False,False
259.0,39,13,4,no,yes,no,No contact,No contact,unknown,secondary,technician,False,True,False
1187.0,48,5,1,no,no,no,No contact,No contact,unknown,secondary,admin.,False,False,True
385.0,57,29,4,no,yes,no,No contact,No contact,unknown,tertiary,unemployed,False,False,True
3689.0,38,29,1,no,yes,no,No contact,No contact,unknown,secondary,services,False,True,False
840.0,31,30,2,no,no,no,No contact,2,unknown,secondary,unemployed,False,True,False
1425.0,32,29,4,no,no,no,No contact,No contact,unknown,tertiary,technician,False,True,True
1698.0,42,16,2,no,yes,yes,No contact,3,unknown,primary,blue-collar,False,True,True
33.0,42,29,2,no,no,no,0 - 5 months,No contact,unknown,secondary,admin.,True,False,False
360.0,55,14,1,no,yes,no,No contact,No contact,failure,primary,blue-collar,False,False,True
5787.0,34,27,2,no,yes,no,No contact,No contact,unknown,secondary,retired,False,False,False
-137.0,59,19,2,no,yes,no,No contact,No contact,failure,tertiary,management,False,False,True
2895.0,42,30,3,no,no,no,No contact,No contact,unknown,secondary,admin.,False,True,False
1530.0,50,2,1,no,no,no,No contact,No contact,failure,primary,blue-collar,False,False,False
5561.0,26,21,1,no,yes,no,0 - 5 months,No contact,unknown,secondary,admin.,True,True,False
830.0,35,19,4,no,yes,no,0 - 5 months,No contact,unknown,secondary,admin.,True,False,False
3.0,39,4,1,no,no,no,5 - 8 months,No contact,unknown,secondary,blue-collar,True,False,True
0.0,33,22,2,no,yes,yes,No contact,No contact,unknown,secondary,admin.,False,True,True
2692.0,46,19,2,no,yes,yes,No contact,1,unknown,secondary,blue-collar,False,False,True
118.0,26,15,1,no,yes,no,No contact,No contact,unknown,secondary,management,False,True,False
883.0,60,19,1,no,yes,yes,No contact,No contact,unknown,secondary,housemaid,False,True,True
625.0,56,16,2,no,yes,no,No contact,No contact,unknown,secondary,technician,False,True,False
56.0,39,23,1,no,yes,yes,No contact,No contact,unknown,secondary,retired,False,False,False
-198.0,48,19,1,no,yes,no,No contact,No contact,unknown,secondary,management,False,False,False
-717.0,57,2,4,no,yes,yes,Around a year,No contact,unknown,primary,blue-collar,True,False,False
1218.0,46,13,2,no,yes,no,No contact,No contact,unknown,primary,retired,False,False,True
-172.0,41,9,2,no,yes,yes,No contact,No contact,unknown,secondary,technician,False,False,False
3738.0,44,14,3,no,no,no,8 - 11 months,No contact,unknown,secondary,technician,True,True,True
1576.0,47,12,1,no,yes,no,No contact,3,unknown,primary,housemaid,False,False,True
499.0,26,12,1,no,yes,no,No contact,No contact,unknown,secondary,admin.,False,False,False
36.0,45,18,4,no,yes,no,No contact,No contact,failure,primary,blue-collar,False,False,True
65.0,44,14,1,no,no,no,No contact,No contact,unknown,secondary,admin.,False,False,False
7506.0,42,6,1,no,yes,no,No contact,No contact,unknown,tertiary,technician,False,False,False
145.0,41,13,2,no,yes,no,No contact,No contact,unknown,primary,housemaid,False,False,False
27.0,30,31,2,no,yes,no,No contact,3,other,tertiary,self-employed,False,False,False
878.0,46,5,1,no,yes,no,No contact,2,unknown,secondary,blue-collar,False,False,False
577.0,47,8,1,no,yes,no,No contact,No contact,other,secondary,technician,False,False,True
2031.0,34,18,1,no,yes,no,No contact,No contact,unknown,secondary,blue-collar,False,True,False
-3.0,57,5,1,no,no,yes,No contact,No contact,unknown,tertiary,admin.,False,False,True
2948.0,35,27,3,no,no,no,No contact,No contact,unknown,secondary,blue-collar,False,True,False
245.0,26,20,1,no,no,no,No contact,No contact,unknown,tertiary,management,False,False,False
3837.0,36,30,4,no,no,no,No contact,No contact,unknown,secondary,management,False,False,True
0.0,38,12,1,no,no,yes,No contact,No contact,unknown,secondary,technician,False,True,False
2363.0,26,29,3,no,no,no,8 - 11 months,No contact,unknown,tertiary,housemaid,True,False,True
9916.0,32,7,2,yes,yes,no,No contact,No contact,failure,secondary,self-employed,False,False,True
893.0,51,12,2,no,yes,no,0 - 5 months,No contact,unknown,secondary,retired,True,False,True
2102.0,33,10,15,no,yes,no,No contact,No contact,unknown,secondary,blue-collar,False,False,False
4568.0,28,30,2,no,yes,no,No contact,No contact,unknown,secondary,technician,False,False,False
11.0,38,27,1,no,no,yes,No contact,No contact,unknown,tertiary,self-employed,False,False,False
0.0,38,20,2,no,yes,yes,No contact,No contact,unknown,secondary,student,False,False,False
3109.0,37,14,8,no,yes,no,No contact,No contact,unknown,secondary,technician,False,False,True
1161.0,41,20,3,no,no,no,No contact,No contact,unknown,tertiary,retired,False,False,False
116.0,41,12,4,no,yes,yes,No contact,No contact,failure,tertiary,management,False,False,True
242.0,40,16,1,no,yes,no,No contact,No contact,unknown,primary,housemaid,False,False,True
1293.0,57,13,2,no,yes,no,No contact,No contact,unknown,tertiary,management,False,False,True
3.0,29,22,2,no,yes,no,No contact,No contact,unknown,secondary,blue-collar,False,False,True
1020.0,55,5,1,no,no,yes,No contact,No contact,unknown,secondary,admin.,False,False,False
2387.0,34,14,5,no,yes,yes,No contact,2,unknown,primary,management,False,False,True
-25.0,28,7,4,no,yes,no,No contact,No contact,unknown,primary,housemaid,False,True,False
7606.0,36,17,5,no,yes,no,No contact,6,unknown,tertiary,management,False,False,False
10583.0,37,13,1,no,yes,no,No contact,No contact,unknown,unknown,student,False,True,True
354.0,20,25,1,no,no,no,No contact,No contact,unknown,tertiary,technician,False,False,False
-3.0,44,20,2,no,yes,no,No contact,No contact,other,secondary,admin.,False,False,False
2227.0,44,12,2,no,no,no,No contact,No contact,unknown,primary,blue-collar,False,True,True
32.0,35,12,2,no,yes,no,No contact,No contact,unknown,primary,management,False,False,False
193.0,42,20,2,no,yes,no,No contact,No contact,unknown,secondary,blue-collar,False,False,False
0.0,29,31,4,no,yes,no,Around a year,No contact,unknown,tertiary,management,True,True,False
426.0,30,20,2,no,yes,no,No contact,No contact,failure,unknown,admin.,False,False,False
1463.0,54,19,4,no,no,no,No contact,1,unknown,secondary,housemaid,False,False,True
0.0,49,17,1,no,no,no,No contact,No contact,other,tertiary,self-employed,False,False,True
